id_patient,freq_cardiaque,tension_arterielle,taux_glucose
1,60,128,119
2,63,111,94
3,63,122,72
4,99,110,73
5,69,119,147
6,79,126,81
7,81,112,83
8,96,118,96
9,83,129,140
10,66,139,117
11,84,120,91
12,84,126,90
13,72,136,112
14,61,137,127
15,98,134,87
16,99,134,125
17,83,111,138
18,84,110,81
19,77,115,89
20,97,134,81
21,85,112,95
22,73,125,115
23,68,113,76
24,69,138,108
25,80,124,121
26,76,115,86
27,65,121,93
28,75,129,73
29,60,134,116
30,78,116,99
31,95,130,72
32,84,116,75
33,89,138,141
34,79,129,85
35,79,116,148
36,74,112,105
37,99,138,122
38,92,138,77
39,61,116,121
40,69,115,121
41,92,137,99
42,91,115,125
43,70,123,81
44,83,119,137
45,95,114,147
46,71,132,125
47,88,123,138
48,94,131,127
49,60,137,81
50,60,127,148
51,96,113,73
52,65,123,107
53,98,129,77
54,77,136,99
55,75,118,148
56,64,135,81
57,91,131,143
58,61,123,81
59,61,115,86
60,99,132,130
61,95,126,133
62,98,135,129
63,71,124,71
64,78,133,88
65,87,115,123
66,60,111,98
67,74,115,134
68,95,116,143
69,72,122,78
70,80,136,81
71,71,120,121
72,64,137,125
73,66,132,85
74,64,124,73
75,63,118,98
76,72,117,128
77,96,123,148
78,74,115,135
79,75,125,146
80,80,137,81
81,95,120,95
82,83,113,81
83,75,120,104
84,73,128,71
85,81,135,86
86,65,137,71
87,95,135,86
88,60,113,103
89,91,139,103
90,65,124,114
91,90,128,110
92,60,115,142
93,96,136,147
94,94,114,102
95,89,127,93
96,63,115,138
97,94,134,101
98,73,113,92
99,99,115,134
100,81,118,101
101,69,114,149
102,60,136,85
103,70,127,121
104,83,133,82
105,62,134,115
106,94,111,80
107,95,128,140
108,90,111,91
109,63,124,137
110,78,127,134
111,95,117,71
112,80,131,120
113,77,121,127
114,87,124,92
115,74,126,85
116,61,130,85
117,96,111,98
118,70,127,141
119,82,139,97
120,71,122,127
121,62,132,128
122,76,124,146
123,92,132,83
124,60,110,88
125,98,112,148
126,79,129,148
127,73,133,90
128,90,138,141
129,84,135,125
130,62,124,114
131,63,128,114
132,90,121,85
133,94,130,145
134,73,119,147
135,68,124,99
136,79,110,74
137,91,122,98
138,68,132,135
139,86,119,119
140,62,128,119
141,63,114,127
142,74,117,111
143,92,113,136
144,64,126,117
145,63,122,87
146,71,115,90
147,82,130,108
148,73,123,134
149,71,126,76
150,76,123,92
151,84,128,149
152,89,129,144
153,81,127,104
154,85,117,110
155,76,136,108
156,79,127,91
157,93,124,104
158,92,139,102
159,96,113,112
160,66,120,114
161,81,130,111
162,91,120,97
163,73,111,118
164,67,133,80
165,84,130,138
166,75,126,87
167,78,120,73
168,75,128,99
169,71,138,100
170,98,136,145
171,89,133,136
172,61,130,130
173,91,126,77
174,84,112,121
175,84,116,143
176,63,119,134
177,78,112,87
178,63,130,110
179,72,122,91
180,98,119,96
181,95,135,85
182,82,138,87
183,65,131,80
184,83,114,87
185,92,136,73
186,71,114,143
187,80,119,99
188,70,120,137
189,97,122,141
190,88,118,74
191,62,111,131
192,87,115,76
193,79,117,102
194,85,110,107
195,83,136,97
196,80,111,121
197,89,136,148
198,63,113,129
199,95,135,78
200,99,128,126
201,69,134,99
202,69,128,98
203,83,130,104
204,63,138,128
205,86,118,86
206,63,128,142
207,91,135,129
208,69,134,77
209,70,117,82
210,87,120,102
211,67,137,145
212,99,138,110
213,81,134,70
214,93,128,147
215,94,113,107
216,94,122,117
217,84,129,131
218,93,123,120
219,65,132,138
220,96,110,146
221,60,120,127
222,71,113,74
223,94,116,106
224,65,137,107
225,76,113,105
226,68,135,118
227,61,116,70
228,77,129,119
229,95,112,127
230,87,128,79
231,96,128,120
232,85,116,118
233,63,130,82
234,99,121,140
235,95,132,106
236,90,110,106
237,89,114,100
238,93,123,89
239,78,119,108
240,77,112,114
241,89,111,105
242,80,122,84
243,62,125,99
244,65,132,121
245,97,111,130
246,72,133,137
247,62,122,99
248,87,115,97
249,81,116,73
250,99,111,103
